{
	"silver_sszeggmobile_00":  { "File": "mecha_sonic.png", "Rect": "434,233,56,34", "Center": "24,26" },
	"silver_sszeggmobile_01":  { "File": "mecha_sonic.png", "Rect": "434,233,56,34", "Center": "24,26" },
	"silver_sszeggmobile_02":  { "File": "mecha_sonic.png", "Rect": "434,233,56,34", "Center": "24,26" },
	"silver_sszeggmobile_03":  { "File": "mecha_sonic.png", "Rect": "434,233,56,34", "Center": "24,26" },
	"silver_decoy_06":  { "File": "mecha_sonic.png", "Rect": "500,233,44,34", "Center": "22,22" },
	"silver_decoy_07":  { "File": "mecha_sonic.png", "Rect": "554,225,52,42", "Center": "26,26" },
	"silver_decoy_08":  { "File": "mecha_sonic.png", "Rect": "616,209,68,58", "Center": "34,34" },
	"boss_robo_00":  { "File": "mecha_sonic.png", "Rect": "575,10,61,72", "Center": "30,40" },
	"boss_robo_001":  { "File": "mecha_sonic.png", "Rect": "646,10,60,72", "Center": "30,40" },
	"boss_robo_002":  { "File": "mecha_sonic.png", "Rect": "646,10,60,72", "Center": "30,40" },
	"boss_robo_01":  { "File": "mecha_sonic.png", "Rect": "356,16,63,66", "Center": "31,34" },
	"boss_robo_02":  { "File": "mecha_sonic.png", "Rect": "429,23,63,59", "Center": "31,27" },
	"boss_robo_021":  { "File": "mecha_sonic.png", "Rect": "572,101,63,49", "Center": "31,17" },
	"boss_robo_03":  { "File": "mecha_sonic.png", "Rect": "16,16,58,56", "Center": "29,28" },
	"boss_robo_04":  { "File": "mecha_sonic.png", "Rect": "84,16,58,58", "Center": "29,29" },
	"boss_robo_05":  { "File": "mecha_sonic.png", "Rect": "152,16,58,58", "Center": "29,29" },
	"boss_robo_06":  { "File": "mecha_sonic.png", "Rect": "220,16,58,56", "Center": "29,28" },
	"boss_robo_07":  { "File": "mecha_sonic.png", "Rect": "288,16,58,64", "Center": "29,32" },
	"boss_robo_08":  { "File": "mecha_sonic.png", "Rect": "171,101,60,73", "Center": "30,41" },
	"boss_robo_09":  { "File": "mecha_sonic.png", "Rect": "241,101,51,73", "Center": "25,41" },
	"boss_robo_0a":  { "File": "mecha_sonic.png", "Rect": "302,102,56,72", "Center": "28,41" },
	"boss_robo_0b":  { "File": "mecha_sonic.png", "Rect": "368,101,51,73", "Center": "25,41" },
	"boss_robo_0c":  { "File": "mecha_sonic.png", "Rect": "429,101,60,73", "Center": "30,41" },
	"boss_robo_0e":  { "File": "mecha_sonic.png", "Rect": "645,92,61,58", "Center": "31,26" },
	"boss_robo_0f":  { "File": "mecha_sonic.png", "Rect": "499,101,63,49", "Center": "31,17" },
	"boss_robo_charge_0":  { "File": "mecha_sonic.png", "Rect": "429,23,63,59", "Center": "31,27" },
	"boss_robo_charge_1":  { "File": "mecha_sonic.png", "Rect": "502,23,63,59", "Center": "31,27" },
	"eye_robo_00":  { "File": "mecha_sonic.png", "Rect": "572,170,14,15", "Center": "15,11" },
	"eye_robo_01":  { "File": "mecha_sonic.png", "Rect": "595,170,14,15", "Center": "14,11" },
	"eye_robo_02":  { "File": "mecha_sonic.png", "Rect": "619,170,14,15", "Center": "15,11" },
	"eye_robo_03":  { "File": "mecha_sonic.png", "Rect": "642,170,14,15", "Center": "15,11" },
	"boss_robo_13":  { "File": "mecha_sonic.png", "Rect": "34,99,60,75", "Center": "28,43" },
	"boss_robo_15":  { "File": "mecha_sonic.png", "Rect": "104,100,57,74", "Center": "28,42" },
	"boss_robo_10":  { "File": "mecha_sonic.png", "Rect": "34,211,65,56", "Center": "32,33" },
	"boss_robo_11":  { "File": "mecha_sonic.png", "Rect": "109,202,52,65", "Center": "26,37" },
	"boss_robo_12":  { "File": "mecha_sonic.png", "Rect": "171,204,70,63", "Center": "35,36" },
	"boss_robo_0d":  { "File": "mecha_sonic.png", "Rect": "171,204,70,63", "Center": "35,36" },
	"boss_robo_14":  { "File": "mecha_sonic.png", "Rect": "251,194,59,73", "Center": "29,40" },
	"boss_robo_00_hit":  { "File": "mecha_sonic.png", "Rect": "0,0,0,0", "Center": "0,0" },
	"boss_robo_01_hit":  { "File": "mecha_sonic.png", "Rect": "0,0,0,0", "Center": "0,0" },
	"boss_robo_02_hit":  { "File": "mecha_sonic.png", "Rect": "0,0,0,0", "Center": "0,0" },
	"boss_robo_021_hit":  { "File": "mecha_sonic.png", "Rect": "0,0,0,0", "Center": "0,0" },
	"boss_robo_03_hit":  { "File": "mecha_sonic.png", "Rect": "0,0,0,0", "Center": "0,0" },
	"boss_robo_04_hit":  { "File": "mecha_sonic.png", "Rect": "0,0,0,0", "Center": "0,0" },
	"boss_robo_05_hit":  { "File": "mecha_sonic.png", "Rect": "0,0,0,0", "Center": "0,0" },
	"boss_robo_06_hit":  { "File": "mecha_sonic.png", "Rect": "0,0,0,0", "Center": "0,0" },
	"boss_robo_07_hit":  { "File": "mecha_sonic.png", "Rect": "0,0,0,0", "Center": "0,0" },
	"boss_robo_08_hit":  { "File": "mecha_sonic.png", "Rect": "0,0,0,0", "Center": "0,0" },
	"boss_robo_09_hit":  { "File": "mecha_sonic.png", "Rect": "0,0,0,0", "Center": "0,0" },
	"boss_robo_0a_hit":  { "File": "mecha_sonic.png", "Rect": "0,0,0,0", "Center": "0,0" },
	"boss_robo_0b_hit":  { "File": "mecha_sonic.png", "Rect": "0,0,0,0", "Center": "0,0" },
	"boss_robo_0c_hit":  { "File": "mecha_sonic.png", "Rect": "0,0,0,0", "Center": "0,0" },
	"boss_robo_charge_0_hit":  { "File": "mecha_sonic.png", "Rect": "0,0,0,0", "Center": "0,0" },
	"boss_robo_charge_1_hit":  { "File": "mecha_sonic.png", "Rect": "0,0,0,0", "Center": "0,0" },
	"boss_robo_13_hit":  { "File": "mecha_sonic.png", "Rect": "0,0,0,0", "Center": "0,0" },
	"boss_robo_15_hit":  { "File": "mecha_sonic.png", "Rect": "0,0,0,0", "Center": "0,0" },
	"boss_robo_10_hit":  { "File": "mecha_sonic.png", "Rect": "0,0,0,0", "Center": "0,0" },
	"boss_robo_11_hit":  { "File": "mecha_sonic.png", "Rect": "0,0,0,0", "Center": "0,0" },
	"boss_robo_12_hit":  { "File": "mecha_sonic.png", "Rect": "0,0,0,0", "Center": "0,0" },
	"boss_robo_0d_hit":  { "File": "mecha_sonic.png", "Rect": "0,0,0,0", "Center": "0,0" },
	"boss_robo_14_hit":  { "File": "mecha_sonic.png", "Rect": "0,0,0,0", "Center": "0,0" },
	"boss_super_robo_00":  { "File": "mecha_sonic.png", "Rect": "575,384,61,72", "Center": "30,40" },
	"boss_super_robo_001":  { "File": "mecha_sonic.png", "Rect": "646,384,60,72", "Center": "30,40" },
	"boss_super_robo_002":  { "File": "mecha_sonic.png", "Rect": "646,384,60,72", "Center": "30,40" },
	"boss_super_robo_01":  { "File": "mecha_sonic.png", "Rect": "356,390,63,66", "Center": "31,34" },
	"boss_super_robo_02":  { "File": "mecha_sonic.png", "Rect": "429,397,63,59", "Center": "31,27" },
	"boss_super_robo_021":  { "File": "mecha_sonic.png", "Rect": "572,101,63,49", "Center": "31,17" },
	"boss_super_robo_03":  { "File": "mecha_sonic.png", "Rect": "16,390,58,56", "Center": "29,28" },
	"boss_super_robo_04":  { "File": "mecha_sonic.png", "Rect": "84,390,58,58", "Center": "29,29" },
	"boss_super_robo_05":  { "File": "mecha_sonic.png", "Rect": "152,390,58,58", "Center": "29,29" },
	"boss_super_robo_06":  { "File": "mecha_sonic.png", "Rect": "220,390,58,56", "Center": "29,28" },
	"boss_super_robo_07":  { "File": "mecha_sonic.png", "Rect": "288,390,58,64", "Center": "29,32" },
	"boss_super_robo_08":  { "File": "mecha_sonic.png", "Rect": "171,475,60,73", "Center": "30,41" },
	"boss_super_robo_09":  { "File": "mecha_sonic.png", "Rect": "241,475,51,73", "Center": "25,41" },
	"boss_super_robo_0a":  { "File": "mecha_sonic.png", "Rect": "302,476,56,72", "Center": "28,41" },
	"boss_super_robo_0b":  { "File": "mecha_sonic.png", "Rect": "368,475,51,73", "Center": "25,41" },
	"boss_super_robo_0c":  { "File": "mecha_sonic.png", "Rect": "429,475,60,73", "Center": "30,41" },
	"boss_super_robo_0e":  { "File": "mecha_sonic.png", "Rect": "645,466,61,58", "Center": "31,26" },
	"boss_super_robo_0f":  { "File": "mecha_sonic.png", "Rect": "499,475,63,49", "Center": "31,17" },
	"boss_super_robo_charge_0":  { "File": "mecha_sonic.png", "Rect": "429,397,63,59", "Center": "31,27" },
	"boss_super_robo_charge_1":  { "File": "mecha_sonic.png", "Rect": "502,397,63,59", "Center": "31,27" },
	"boss_super_robo_13":  { "File": "mecha_sonic.png", "Rect": "34,473,60,75", "Center": "28,43" },
	"boss_super_robo_15":  { "File": "mecha_sonic.png", "Rect": "104,474,57,74", "Center": "28,42" },
	"boss_super_robo_10":  { "File": "mecha_sonic.png", "Rect": "34,585,65,56", "Center": "32,33" },
	"boss_super_robo_11":  { "File": "mecha_sonic.png", "Rect": "109,576,52,65", "Center": "26,37" },
	"boss_super_robo_12":  { "File": "mecha_sonic.png", "Rect": "171,578,70,63", "Center": "35,36" },
	"boss_super_robo_0d":  { "File": "mecha_sonic.png", "Rect": "171,578,70,63", "Center": "35,36" },
	"boss_super_robo_14":  { "File": "mecha_sonic.png", "Rect": "251,568,59,73", "Center": "29,40" }
}