{
	"bluesphere_tails_0x01": { "File": "blue_spheres_character_tails_t.png", "Rect": "8,8,64,64", "Center": "32,48" },
	"bluesphere_tails_0x02": { "File": "blue_spheres_character_tails_t.png", "Rect": "8,80,64,64", "Center": "32,48" },
	"bluesphere_tails_0x03": { "File": "blue_spheres_character_tails_t.png", "Rect": "80,80,64,64", "Center": "32,48" },
	"bluesphere_tails_0x04": { "File": "blue_spheres_character_tails_t.png", "Rect": "152,80,64,64", "Center": "32,48" },
	"bluesphere_tails_0x05": { "File": "blue_spheres_character_tails_t.png", "Rect": "224,80,64,64", "Center": "32,48" },
	"bluesphere_tails_0x06": { "File": "blue_spheres_character_tails_t.png", "Rect": "296,80,64,64", "Center": "32,48" },
	"bluesphere_tails_0x07": { "File": "blue_spheres_character_tails_t.png", "Rect": "368,80,64,64", "Center": "32,48" },
	"bluesphere_tails_0x08": { "File": "blue_spheres_character_tails_t.png", "Rect": "440,80,64,64", "Center": "32,48" },
	"bluesphere_tails_0x09": { "File": "blue_spheres_character_tails_t.png", "Rect": "88,8,64,64", "Center": "32,48" },
	"bluesphere_tails_0x0a": { "File": "blue_spheres_character_tails_t.png", "Rect": "160,8,64,64", "Center": "32,48" },
	"bluesphere_tails_0x0b": { "File": "blue_spheres_character_tails_t.png", "Rect": "232,8,64,64", "Center": "32,48" },

	"bluesphere_tails_tails_0x01": { "File": "blue_spheres_character_tails_t.png", "Rect": "8,152,40,40", "Center": "20,28" },
	"bluesphere_tails_tails_0x02": { "File": "blue_spheres_character_tails_t.png", "Rect": "56,152,40,40", "Center": "20,28" },
	"bluesphere_tails_tails_0x03": { "File": "blue_spheres_character_tails_t.png", "Rect": "104,152,40,40", "Center": "20,28" },
	"bluesphere_tails_tails_0x04": { "File": "blue_spheres_character_tails_t.png", "Rect": "152,152,40,40", "Center": "20,28" },
	"bluesphere_tails_tails_0x05": { "File": "blue_spheres_character_tails_t.png", "Rect": "200,152,40,40", "Center": "20,28" },
	"bluesphere_tails_tails_0x06": { "File": "blue_spheres_character_tails_t.png", "Rect": "248,152,40,40", "Center": "20,28" },
	"bluesphere_tails_tails_0x07": { "File": "blue_spheres_character_tails_t.png", "Rect": "296,152,40,40", "Center": "20,28" },
	"bluesphere_tails_tails_0x08": { "File": "blue_spheres_character_tails_t.png", "Rect": "344,152,40,40", "Center": "20,28" },
	"bluesphere_tails_tails_0x09": { "File": "blue_spheres_character_tails_t.png", "Rect": "392,152,40,40", "Center": "20,28" },
	"bluesphere_tails_tails_0x0a": { "File": "blue_spheres_character_tails_t.png", "Rect": "440,152,40,40", "Center": "20,28" },
	"bluesphere_tails_tails_0x0b": { "File": "blue_spheres_character_tails_t.png", "Rect": "8,200,40,40", "Center": "20,28" },
	"bluesphere_tails_tails_0x0c": { "File": "blue_spheres_character_tails_t.png", "Rect": "56,200,40,40", "Center": "20,28" },
	"bluesphere_tails_tails_0x0d": { "File": "blue_spheres_character_tails_t.png", "Rect": "104,200,40,40", "Center": "20,28" },
	"bluesphere_tails_tails_0x0e": { "File": "blue_spheres_character_tails_t.png", "Rect": "152,200,40,40", "Center": "20,28" }
}
