{
	"capsule_5": {"File": "plunger_0.png", "Rect": "0,0,32,20", "Center": "16, 12"},
	"capsule_c": {"File": "plunger_1.png", "Rect": "0,0,32,20", "Center": "16, 12"},
	
	"propeller_6": {"File": "propeller_0.png", "Rect": "0,0,48,32", "Center": "24, 12"},
	"propeller_7": {"File": "propeller_1.png", "Rect": "0,0,48,32", "Center": "24, 12"},
	"propeller_8": {"File": "propeller_2.png", "Rect": "0,0,48,32", "Center": "24, 12"},
	"propeller_9": {"File": "propeller_3.png", "Rect": "0,0,48,32", "Center": "24, 12"},
	
	"gapsule_0": {"File": "gapsule_0.png", "Rect": "0,0,64,64", "Center": "32, 32"},
	"gapsule_1": {"File": "gapsule_1.png", "Rect": "0,0,64,64", "Center": "32, 32"},
	
	"gapsule_piece_1": {"File": "gapsule_piece_0.png", "Rect": "0,0,16,16", "Center": "7, 8"},
	"gapsule_piece_2": {"File": "gapsule_piece_1.png", "Rect": "0,0,16,16", "Center": "8, 8"},
	"gapsule_piece_3": {"File": "gapsule_piece_2.png", "Rect": "0,0,16,16", "Center": "8, 8"},
	
	"gapsule_eyes_f": {"File": "gapsule_eyes_0.png", "Rect": "0,0,32,16", "Center": "16, 8"},
	"gapsule_eyes_10": {"File": "gapsule_eyes_1.png", "Rect": "0,0,32,16", "Center": "16, 8"},
	"gapsule_eyes_9": {"File": "gapsule_eyes_2.png", "Rect": "0,0,32,16", "Center": "16, 8"},
	"gapsule_eyes_a": {"File": "gapsule_eyes_3.png", "Rect": "0,0,32,16", "Center": "16, 8"},
	"gapsule_eyes_b": {"File": "gapsule_eyes_4.png", "Rect": "0,0,32,16", "Center": "16, 8"},
	"gapsule_eyes_8": {"File": "gapsule_eyes_5.png", "Rect": "0,0,32,16", "Center": "16, 8"},
	
	"gapsule_shoulder": {"File": "gapsule_shoulder.png", "Rect": "0,0,32,32", "Center": "8, 16"},
	
	"gapsule_ball_6": {"File": "gapsule_ball_0.png", "Rect": "0,0,48,48", "Center": "24, 24"},
	"gapsule_ball_7": {"File": "gapsule_ball_1.png", "Rect": "0,0,48,48", "Center": "24, 24"},
	
	"capsule_0": {"File": "capsule_0.png", "Rect": "0,0,64,64", "Center": "32, 32"},
	"capsule_1": {"File": "capsule_1.png", "Rect": "0,0,64,64", "Center": "32, 32"},
	
	"flying_capsule_0": {"File": "flying_capsule_0.png", "Rect": "0,0,64,64", "Center": "32, 32"},
	"flying_capsule_1": {"File": "flying_capsule_1.png", "Rect": "0,0,64,64", "Center": "32, 32"},
	
	"capsule_4": {"File": "piece_0.png", "Rect": "0,0,32,32", "Center": "8, 8"},
	"capsule_3": {"File": "piece_1.png", "Rect": "0,0,32,32", "Center": "8, 8"},
	"capsule_2": {"File": "piece_2.png", "Rect": "0,0,32,32", "Center": "8, 8"},
	"capsule_a": {"File": "piece_3.png", "Rect": "0,0,32,32", "Center": "8, 8"},
	"capsule_b": {"File": "piece_4.png", "Rect": "0,0,32,32", "Center": "8, 8"},
}