{
	"signpost_tails": { "File": "tails_misc_t.png", "Rect": "176,120,48,48", "Center": "24,24" },

	"character_tails_continue_0x00": { "File": "tails_misc_t.png", "Rect": "8,8,48,48", "Center": "24,28" },
	"character_tails_continue_0x01": { "File": "tails_misc_t.png", "Rect": "64,8,48,48", "Center": "24,28" },

	"continue_icon_tails_wait_0x00": { "File": "tails_misc_t.png", "Rect": "128,8,40,40", "Center": "20,20" },
	"continue_icon_tails_wait_0x01": { "File": "tails_misc_t.png", "Rect": "176,8,40,40", "Center": "20,20" },

	"character_tails_ending_0x00": { "File": "tails_misc_t.png", "Rect": "8,64,48,48", "Center": "24,24" },
	"character_tails_ending_0x01": { "File": "tails_misc_t.png", "Rect": "64,64,48,48", "Center": "24,24" },
	"character_tails_ending_0x02": { "File": "tails_misc_t.png", "Rect": "120,64,48,48", "Center": "24,24" },
	"character_tails_ending_0x03": { "File": "tails_misc_t.png", "Rect": "176,64,48,48", "Center": "24,24" },

	"tornado_tails_pilot": { "File": "tails_misc_t.png", "Rect": "8,120,48,48", "Center": "28,32" },
	"tornado_tails_pilot_small": { "File": "tails_misc_t.png", "Rect": "64,128,32,32", "Center": "16,20" },
	"tornado_tails_small": { "File": "tails_misc_t.png", "Rect": "104,128,32,32", "Center": "16,20" }
}
